class,aurocs,tune_idx
1,0.906659729448491,1.0
1,0.9117238987166146,146.0
1,0.9169268123482484,72.0
1,0.8964620187304891,203.0
1,0.9152792230315644,147.0
1,0.9008844953173777,148.0
1,0.9075962539021852,149.0
1,0.9131460284425946,70.0
1,0.9011272979535206,150.0
1,0.9146201873048907,29.0
1,0.9143253555324315,69.0
1,0.9100763093999307,200.0
1,0.9197884148456469,65.0
1,0.9092611862643081,155.0
1,0.901959764134582,197.0
1,0.9173257023933403,66.0
1,0.8909642733263962,154.0
1,0.9118799861255636,73.0
1,0.9192854665279223,31.0
1,0.9119146722164413,153.0
1,0.9169788414845647,67.0
1,0.9123482483524107,152.0
1,0.9179327089836975,68.0
1,0.8886749913284773,198.0
1,0.9181581685744017,26.0
1,0.9088102670828997,204.0
1,0.904006243496358,145.0
1,0.904075615678113,139.0
1,0.9158862296219217,210.0
1,0.9063302115851544,22.0
1,0.9074401664932362,137.0
1,0.9205168227540755,80.0
1,0.9145681581685744,20.0
1,0.9123309053069718,136.0
1,0.9092785293097468,81.0
1,0.9091050988553591,212.0
1,0.8827263267429761,135.0
1,0.9114810960804718,211.0
1,0.9128338536246965,156.0
1,0.9070933055844606,205.0
1,0.9136489767603191,74.0
1,0.9209677419354839,25.0
1,0.9120707596253903,144.0
1,0.8639438085327783,206.0
1,0.9070239334027055,143.0
1,0.910284425945196,140.0
1,0.916562608394034,178.0
1,0.8985258411377037,207.0
1,0.9172389871661464,76.0
1,0.8960110995490808,141.0
1,0.9168574401664932,23.0
1,0.9021852237252862,77.0
1,0.9172736732570239,24.0
1,0.9066597294484912,82.0
1,0.9056885189039195,196.0
1,0.9169961845300034,33.0
1,0.9096427332639612,168.0
1,0.9027922303156435,186.0
1,0.9152792230315644,54.0
1,0.9042663891779397,41.0
1,0.9171002428026361,170.0
1,0.9091744710371141,185.0
1,0.9198924731182796,53.0
1,0.8828130419701701,171.0
1,0.9146895594866459,184.0
1,0.9187478321193201,42.0
1,0.910683315990288,172.0
1,0.9204647936177592,51.0
1,0.9161984044398197,43.0
1,0.9126951092611864,173.0
1,0.919389524800555,47.0
1,0.9136142906694416,46.0
1,0.914047866805411,179.0
1,0.9104231703087062,177.0
1,0.914134582032605,180.0
1,0.9022892819979188,40.0
1,0.9127124523066251,181.0
1,0.9131807145334722,49.0
1,0.9190773499826569,44.0
1,0.9111342351716961,174.0
1,0.9049254249046133,182.0
1,0.9010405827263267,176.0
1,0.9078217134928894,55.0
1,0.9071279916753382,192.0
1,0.9117238987166146,161.0
1,0.8899930627818244,35.0
1,0.9141172389871661,160.0
1,0.9032258064516128,193.0
1,0.8992022199098162,36.0
1,0.9102323968088797,62.0
1,0.9161637183489421,34.0
1,0.886420395421436,194.0
1,0.9006070065903573,158.0
1,0.9090010405827263,63.0
1,0.9038674991328477,195.0
1,0.9138917793964619,157.0
1,0.9084113770378078,159.0
1,0.9191120360735345,64.0
1,0.9118106139438086,60.0
1,0.9067291016302462,191.0
1,0.9126257370794312,56.0
1,0.9182275407561569,39.0
1,0.9135449184876864,188.0
1,0.8887617065556712,166.0
1,0.9148976760319112,165.0
1,0.9127471383975025,162.0
1,0.9179847381200139,38.0
1,0.9186784599375651,58.0
1,0.9142039542143601,190.0
1,0.9150190773499826,164.0
1,0.9182275407561568,37.0
1,0.906434269857787,163.0
1,0.9202046479361776,59.0
1,0.9160596600763093,19.0
1,0.9097814776274714,142.0
1,0.8919701699618453,125.0
1,0.9078043704474505,231.0
1,0.9115851543531044,13.0
1,0.9122788761706556,4.0
1,0.88054110301769,126.0
1,0.9172389871661464,90.0
1,0.9116718695802983,98.0
1,0.9067811307665625,219.0
1,0.9072667360388484,127.0
1,0.9171522719389524,115.0
1,0.9003815469996532,119.0
1,0.9174297606659729,88.0
1,0.9054804023586541,232.0
1,0.9101803676725633,229.0
1,0.9121574748525841,101.0
1,0.9158515435310441,94.0
1,0.9147415886229622,112.0
1,0.8990114464099896,120.0
1,0.909486645855012,114.0
1,0.9088102670828998,99.0
1,0.9055497745404093,223.0
1,0.9077349982656955,122.0
1,0.9141345820326049,6.0
1,0.8875823794658343,121.0
1,0.913267429760666,113.0
1,0.8901664932362123,123.0
1,0.8894727714186611,222.0
1,0.9152965660770032,10.0
1,0.9063475546305931,224.0
1,0.907925771765522,5.0
1,0.907457509538675,12.0
1,0.9185050294831774,91.0
1,0.8996184530003468,124.0
1,0.9070065903572667,213.0
1,0.9152445369406867,100.0
1,0.8893687131460284,221.0
1,0.9041796739507457,128.0
1,0.8946756850502948,218.0
1,0.9115331252167881,9.0
1,0.9171696149843912,110.0
1,0.9034512660423171,2.0
1,0.9191120360735344,17.0
1,0.9088276101283387,132.0
1,0.8967395074575095,215.0
1,0.918366285119667,107.0
1,0.919146722164412,96.0
1,0.9141866111689213,84.0
1,0.9044051335414499,131.0
1,0.9096947624002776,234.0
1,0.9100936524453694,8.0
1,0.9175511619840444,18.0
1,0.9117759278529309,106.0
1,0.913891779396462,83.0
1,0.9190426638917794,105.0
1,0.9156954561220951,85.0
1,0.9191814082552896,93.0
1,0.9177939646201873,108.0
1,0.9184009712105445,15.0
1,0.916250433576136,87.0
1,0.9045959070412763,3.0
1,0.9046652792230315,129.0
1,0.9136663198057579,228.0
1,0.9076482830385015,216.0
1,0.9148803329864724,109.0
1,0.9050815123135624,233.0
1,0.8898543184183143,217.0
1,0.9159556018036767,16.0
1,0.8936351023239681,118.0
1,0.9041103017689907,226.0
1,0.8986298994103364,130.0
1,0.9082899757197364,7.0
1,0.9127644814429413,86.0
1,0.9171349288935137,103.0
3,0.7467643467643469,58.0
3,0.7484981684981684,98.0
3,0.7323565323565323,162.0
3,0.7365323565323565,163.0
3,0.7488400488400488,82.0
3,0.7403907203907203,56.0
3,0.7442735042735041,173.0
3,0.7497924297924298,50.0
3,0.7399267399267399,174.0
3,0.7476190476190476,49.0
3,0.7351159951159951,176.0
3,0.7431501831501832,48.0
3,0.7517216117216116,177.0
3,0.7348717948717949,166.0
3,0.7583150183150184,99.0
3,0.7500854700854701,113.0
3,0.7533821733821733,55.0
3,0.7493528693528694,168.0
3,0.7555311355311355,54.0
3,0.7448107448107447,101.0
3,0.7583394383394384,110.0
3,0.7340903540903541,171.0
3,0.7461294261294261,100.0
3,0.7291575091575091,129.0
3,0.7416361416361416,142.0
3,0.7375579975579974,143.0
3,0.7382905982905983,128.0
3,0.7428571428571429,127.0
3,0.7506715506715507,145.0
3,0.7001709401709401,88.0
3,0.72998778998779,126.0
3,0.7383638583638584,144.0
3,0.7377777777777779,141.0
3,0.7382905982905983,130.0
3,0.7396336996336996,77.0
3,0.7245421245421245,134.0
3,0.7211477411477412,135.0
3,0.7488888888888889,83.0
3,0.7449572649572649,136.0
3,0.7407570207570208,132.0
3,0.7418070818070817,137.0
3,0.7315995115995116,131.0
3,0.7349450549450549,139.0
3,0.7406593406593406,140.0
3,0.7438339438339437,147.0
3,0.7232478632478632,125.0
3,0.7338461538461538,120.0
3,0.7352380952380952,119.0
3,0.7480830280830281,62.0
3,0.7325763125763126,118.0
3,0.734017094017094,159.0
3,0.6784615384615384,61.0
3,0.755018315018315,95.0
3,0.7507203907203907,154.0
3,0.7305738705738706,121.0
3,0.7431746031746032,148.0
3,0.7528205128205128,70.0
3,0.7519413919413919,90.0
3,0.7366300366300366,149.0
3,0.7388278388278389,124.0
3,0.74,150.0
3,0.7576800976800977,68.0
3,0.7396825396825397,123.0
3,0.7481074481074481,152.0
3,0.7527960927960928,67.0
3,0.6892063492063493,178.0
3,0.7486691086691086,191.0
3,0.6423443223443225,189.0
3,0.745958485958486,225.0
3,0.7424420024420025,3.0
3,0.717069597069597,198.0
3,0.7543833943833943,23.0
3,0.7475457875457875,215.0
3,0.7476434676434676,188.0
3,0.7449084249084249,216.0
3,0.7349450549450549,207.0
3,0.7487667887667888,16.0
3,0.7357020757020758,217.0
3,0.7464468864468864,233.0
3,0.7339682539682539,190.0
3,0.7502075702075702,232.0
3,0.7469597069597069,195.0
3,0.7262515262515262,8.0
3,0.7367521367521368,194.0
3,0.7330402930402931,211.0
3,0.7417582417582417,193.0
3,0.7449816849816849,196.0
3,0.7357753357753357,35.0
3,0.7416605616605617,22.0
3,0.7418070818070817,192.0
3,0.7484493284493285,230.0
3,0.7366300366300366,36.0
3,0.7421733821733821,5.0
3,0.7190720390720392,213.0
3,0.7424908424908425,197.0
3,0.7366300366300367,186.0
3,0.7447374847374847,185.0
3,0.7457631257631258,199.0
3,0.743956043956044,182.0
3,0.7408058608058607,205.0
3,0.7368009768009768,181.0
3,0.7024664224664224,228.0
3,0.723956043956044,222.0
3,0.7271550671550672,223.0
3,0.7494993894993894,204.0
3,0.7304273504273504,26.0
3,0.738168498168498,203.0
3,0.7422710622710623,234.0
3,0.749084249084249,201.0
3,0.7477411477411476,219.0
3,0.7478876678876678,183.0
3,0.7555555555555556,24.0
3,0.7505982905982905,200.0
3,0.7460805860805861,224.0
3,0.722002442002442,206.0
3,0.7293528693528692,218.0
3,0.7385592185592186,2.0
3,0.7474481074481074,41.0
4,0.6895279538359663,21.0
4,0.6813924888846845,206.0
4,0.6883454734651405,145.0
4,0.6635606848926308,204.0
4,0.6823857723961781,144.0
4,0.655519818371015,22.0
4,0.6723110396367421,140.0
4,0.687777882887144,227.0
4,0.6893860561914673,115.0
4,0.6893387569766342,143.0
4,0.6798316147951944,205.0
4,0.662425503736638,24.0
4,0.6760949768233847,141.0
4,0.6937375839561063,116.0
4,0.6585469681203293,76.0
4,0.6793586226468642,207.0
4,0.6596821492763221,139.0
4,0.6924605051556144,77.0
4,0.7040961120045407,96.0
4,0.6392488884684515,129.0
4,0.6508844953173777,217.0
4,0.6519723772585375,94.0
4,0.6771355595497115,128.0
4,0.6983729070097436,127.0
4,0.6612430233658121,126.0
4,0.697521521142749,120.0
4,0.6258632106707029,13.0
4,0.6809667959511873,89.0
4,0.6557563144451801,125.0
4,0.6888657648283038,122.0
4,0.6628038974553022,123.0
4,0.6945416706082679,86.0
4,0.6698041812505913,12.0
4,0.6787437328540346,90.0
4,0.6170655567117586,220.0
4,0.6531548576293633,221.0
4,0.6593037555576577,119.0
4,0.6688108977390976,16.0
4,0.665310755841453,82.0
4,0.7017784504777221,212.0
4,0.6509790937470438,135.0
4,0.6856967174344907,117.0
4,0.6896698514804653,134.0
4,0.691798316147952,8.0
4,0.6841831425598335,20.0
4,0.6792167250023651,226.0
4,0.689196859332135,137.0
4,0.6302147384353419,79.0
4,0.6695676851764261,130.0
4,0.6724056380664081,118.0
4,0.6503169047393813,213.0
4,0.6894806546211334,84.0
4,0.6970958282092516,83.0
4,0.6848453315674959,18.0
4,0.6819127802478478,17.0
4,0.6361744395043043,233.0
4,0.6715069529845804,186.0
4,0.697521521142749,108.0
4,0.6821492763220132,55.0
4,0.6930280957336108,167.0
4,0.6859805127234888,187.0
4,0.6646958660486236,56.0
4,0.6681960079462681,166.0
4,0.6966228360609213,232.0
4,0.6970958282092518,109.0
4,0.6622836060921389,188.0
4,0.6802100085138586,60.0
4,0.6490398259388894,110.0
4,0.6909942294957905,146.0
4,0.7070759625390218,59.0
4,0.6766152681865482,190.0
4,0.6964336392015892,37.0
4,0.6944943713934348,3.0
4,0.6759530791788856,189.0
4,0.7110490965849967,53.0
4,0.6785545359947024,174.0
4,0.6854602213603254,44.0
4,0.673777315296566,180.0
4,0.6803046069435248,181.0
4,0.6416138492101031,48.0
4,0.6394853845426166,176.0
4,0.6660202440639486,179.0
4,0.6730205278592375,177.0
4,0.6624255037366379,46.0
4,0.6933591902374421,45.0
4,0.6375461167344623,161.0
4,0.6696149843912591,50.0
4,0.6963863399867563,41.0
4,0.6660202440639486,2.0
4,0.6581212751868319,184.0
4,0.659776747705988,52.0
4,0.6830479614038407,42.0
4,0.6619525115883076,171.0
4,0.672358338851575,172.0
4,0.6871629930943146,51.0
4,0.6755273862453883,234.0
4,0.6963863399867561,101.0
4,0.612051839939457,162.0
4,0.693217292592943,121.0
4,0.6836628511966701,196.0
4,0.6451612903225806,112.0
4,0.6650742597672878,153.0
4,0.6901901428436288,160.0
4,0.6596348500614889,198.0
4,0.677986945416706,5.0
4,0.6910888279254565,30.0
4,0.6833790559076719,99.0
4,0.6776085516980418,29.0
4,0.6943524737489358,150.0
4,0.6360798410746381,69.0
4,0.6949673635417651,200.0
4,0.6811086935956863,149.0
4,0.684845331567496,32.0
4,0.6929334973039448,192.0
4,0.6379718096679594,35.0
4,0.7021568441963864,193.0
4,0.669520385961593,203.0
4,0.676615268186548,6.0
4,0.6830952606186738,62.0
4,0.6575063853940024,4.0
4,0.6593983539873238,98.0
4,0.6785545359947025,194.0
4,0.6979945132910794,28.0
4,0.6784126383502034,157.0
4,0.6878251821019771,33.0
4,0.6853656229306593,147.0
4,0.6698041812505913,64.0
4,0.6992242928767384,114.0
4,0.7029609308485479,111.0
4,0.6857913158641566,100.0
4,0.689196859332135,230.0
5,0.6497720018239853,234.0
5,0.6658230734154127,227.0
5,0.6576379388964888,113.0
5,0.6470816233470132,225.0
5,0.6693570451436388,109.0
5,0.6610123119015048,230.0
5,0.6462380300957592,115.0
5,0.6286137710898313,119.0
5,0.6528727770177838,224.0
5,0.641860465116279,233.0
5,0.6265389876880985,120.0
5,0.6485408116735066,178.0
5,0.623187414500684,222.0
5,0.6144550843593252,190.0
5,0.5875056999544004,162.0
5,0.6212494300045599,161.0
5,0.6300957592339261,191.0
5,0.6398540811673508,160.0
5,0.6439124487004103,192.0
5,0.6412220702234382,159.0
5,0.6629274965800273,193.0
5,0.6719790241678066,194.0
5,0.5531691746466029,157.0
5,0.61500227998176,156.0
5,0.6091427268581852,195.0
5,0.6361605107159142,155.0
5,0.6299361605107159,196.0
5,0.6256041951664387,154.0
5,0.6369357045143639,153.0
5,0.6481304149566802,197.0
5,0.6186274509803922,152.0
5,0.5841313269493843,151.0
5,0.6401504787961696,163.0
5,0.6372093023255814,188.0
5,0.6529183766529868,177.0
5,0.6295485636114911,179.0
5,0.6590971272229822,176.0
5,0.6271773825809394,175.0
5,0.6078659370725034,180.0
5,0.5886912904696763,174.0
5,0.6404240766073872,173.0
5,0.6267441860465116,172.0
5,0.638030095759234,182.0
5,0.6586867305061559,183.0
5,0.651345189238486,170.0
5,0.642453260373917,184.0
5,0.5973780209758321,169.0
5,0.6496124031007753,168.0
5,0.6380984952120383,167.0
5,0.6173734610123119,186.0
5,0.6681030551755587,166.0
5,0.6302553579571364,187.0
5,0.6201322389420885,165.0
5,0.6427268581851345,171.0
5,0.6660738714090287,121.0
5,0.6411992704058367,150.0
5,0.6230962152302781,149.0
5,0.6463976288189694,133.0
5,0.6566803465572275,213.0
5,0.5550615595075239,132.0
5,0.6577291381668947,214.0
5,0.6502507979936161,131.0
5,0.6616963064295487,215.0
5,0.6435932512539899,130.0
5,0.6254445964432285,129.0
5,0.5563839489284086,216.0
5,0.6399224806201551,128.0
5,0.6272229822161423,218.0
5,0.6119015047879618,126.0
5,0.613406292749658,219.0
5,0.6064067487460102,125.0
5,0.6357045143638851,220.0
5,0.6218194254445965,124.0
5,0.5823073415412676,123.0
5,0.6409484724122207,221.0
5,0.6168946648426814,122.0
5,0.603328773369813,134.0
5,0.6297309621523027,135.0
5,0.6272685818513453,211.0
5,0.5947788417692659,148.0
5,0.6699954400364797,147.0
5,0.6201208390332877,202.0
5,0.6485864113087095,146.0
5,0.6308937528499772,203.0
5,0.6299589603283173,145.0
5,0.6417692658458732,204.0
5,0.6092567259461924,144.0
5,0.6116963064295485,143.0
5,0.6545599635202919,200.0
5,0.6173734610123119,205.0
5,0.5981988144094847,208.0
5,0.6409712722298221,138.0
5,0.6041267669858641,209.0
5,0.6436160510715914,137.0
5,0.6344961240310077,210.0
5,0.6153898768809849,136.0
5,0.6258321933424533,142.0
5,0.6406292749658002,141.0
5,0.6093707250341998,118.0
5,0.6590971272229823,20.0
5,0.6644322845417237,15.0
5,0.6671910624715003,79.0
5,0.6461468308253534,16.0
5,0.6644778841769265,17.0
5,0.6714774281805747,77.0
5,0.6562243502051983,76.0
5,0.66374829001368,75.0
5,0.6624031007751937,74.0
5,0.6655722754217965,73.0
5,0.6313041495668035,72.0
5,0.6650706794345645,21.0
5,0.663406292749658,70.0
5,0.6606247150022799,18.0
5,0.6603967168262653,14.0
5,0.6788645690834474,83.0
5,0.6599407204742362,95.0
5,0.6628362973096216,7.0
5,0.6417008663930688,8.0
5,0.6426584587323302,9.0
5,0.6807113543091655,90.0
5,0.6614227086183311,88.0
5,0.6624487004103967,22.0
5,0.6589603283173735,96.0
5,0.6751937984496124,68.0
5,0.6630414956680346,23.0
5,0.6694026447788417,33.0
5,0.6794117647058824,48.0
5,0.6626082991336069,34.0
5,0.6427496580027361,47.0
5,0.6740082079343366,43.0
5,0.6280665754673963,37.0
5,0.6825125398996809,41.0
5,0.6762425900592796,40.0
5,0.6689010487916096,45.0
5,0.6492704058367533,31.0
5,0.6628020975832194,64.0
5,0.6696762425900593,25.0
5,0.6641814865481077,63.0
5,0.6656178750569995,26.0
5,0.6375512995896032,27.0
5,0.6450980392156863,59.0
5,0.6495440036479709,58.0
5,0.6818057455540355,29.0
5,0.6659826721386229,56.0
5,0.6746922024623804,30.0
5,0.6632922936616508,6.0
5,0.6755813953488372,103.0
5,0.6741450068399454,98.0
5,0.6378704970360236,102.0
5,0.679639762881897,101.0
5,0.6769721842225263,100.0
6,0.6693588366520696,168.0
6,0.6744402214327027,39.0
6,0.6722093695777905,31.0
6,0.6619846319094439,198.0
6,0.6412459720730397,112.0
6,0.6540733702387838,142.0
6,0.6413699082872015,2.0
6,0.6673138891184004,18.0
6,0.6673758572254813,169.0
6,0.6721680575064034,30.0
6,0.6604560852681153,197.0
6,0.6389324960753532,76.0
6,0.652276295133438,174.0
6,0.6696067090803933,113.0
6,0.6647525406923903,15.0
6,0.680554407998017,49.0
6,0.5829752953813103,79.0
6,0.6574196480211517,4.0
6,0.6516359580269355,195.0
6,0.6516772700983227,172.0
6,0.6732008592910848,214.0
6,0.6646079484425348,77.0
6,0.658245889448897,230.0
6,0.6704329505081386,32.0
6,0.6586383541270759,215.0
6,0.6472362224241924,135.0
6,0.6221184830207386,153.0
6,0.6487441130298273,162.0
6,0.6368049243989093,3.0
6,0.6463067008179789,27.0
6,0.6527100718830041,65.0
6,0.6502520036354622,110.0
6,0.6477319672808395,24.0
6,0.6559324134512103,155.0
6,0.664215483764356,205.0
6,0.6558911013798232,159.0
6,0.6546930513095927,26.0
6,0.6503965958853177,25.0
6,0.6361232752210195,160.0
6,0.6674791374039493,101.0
6,0.6578947368421052,156.0
6,0.6672932330827067,23.0
6,0.6343675121870611,58.0
6,0.658741634305544,149.0
6,0.6644427001569858,21.0
6,0.6452945550689912,209.0
6,0.6712178798644963,55.0
6,0.6647112286210031,167.0
6,0.6681401305461455,57.0
6,0.6637610509790961,100.0
6,0.646079484425349,163.0
6,0.6304841774766586,67.0
6,0.6806990002478724,102.0
6,0.6672312649756259,69.0
6,0.6289969429067174,151.0
6,0.6560563496653723,231.0
6,0.638994464182434,68.0
6,0.6510989010989011,150.0
6,0.6049739733950261,22.0
6,0.6353383458646616,16.0
6,0.656015037593985,203.0
6,0.6376518218623481,90.0
6,0.6471949103528052,188.0
6,0.662315128480542,45.0
6,0.6651243493348756,226.0
6,0.6539287779889283,86.0
6,0.6625216888374783,114.0
6,0.6139386928860613,12.0
6,0.6569858712715856,35.0
6,0.6649797570850202,1.0
6,0.6515533338841609,234.0
6,0.6569858712715856,191.0
6,0.6478765595306948,41.0
6,0.6431463273568536,184.0
6,0.6778691233578451,44.0
6,0.6552714203090143,8.0
6,0.6718582169709989,106.0
6,0.6435181359993389,190.0
6,0.6563868462364704,180.0
6,0.665496157977361,5.0
6,0.6363711476493431,88.0
6,0.6381475667189952,225.0
6,0.6226968520201603,94.0
6,0.6697306452945551,85.0
6,0.6548376435594481,176.0
6,0.656634718664794,83.0
6,0.6402338263240518,9.0
6,0.6681401305461455,193.0
6,0.6569445592001982,42.0
6,0.6422787738577211,48.0
6,0.6711145996860283,43.0
6,0.6387052796827234,117.0
6,0.6382508468974634,14.0
6,0.651098901098901,91.0
6,0.6629761216227381,6.0
6,0.6331488060811369,82.0
6,0.6392629926464514,116.0
6,0.6405849789308435,33.0
6,0.6571511195571346,122.0
6,0.6632859621581426,103.0
6,0.6513880855986118,96.0
6,0.6646699165496157,95.0
6,0.6601255886970172,38.0
6,0.6650623812277948,104.0
6,0.6641948277286623,46.0
6,0.6632859621581426,40.0
6,0.6313723870114848,118.0
6,0.6691109642237463,84.0
6,0.6737172601834256,34.0
6,0.6670453606543832,131.0
6,0.6790052053209947,92.0
6,0.6228414442700156,219.0
6,0.5883252086259605,98.0
6,0.6644427001569858,13.0
6,0.6648248368173181,47.0
6,0.6327563414029579,183.0
6,0.659526563661902,227.0
7,0.5488115449915111,163.0
7,0.5664603757051317,37.0
7,0.5768525110904211,183.0
7,0.54793526480092,200.0
7,0.5590804534749987,159.0
7,0.5874226408894244,39.0
7,0.5419929897584752,187.0
7,0.5495372145243442,186.0
7,0.5926255545210581,26.0
7,0.5593269072786023,160.0
7,0.545552878032751,202.0
7,0.5770305055041349,105.0
7,0.5421436004162331,60.0
7,0.5832329262281615,58.0
7,0.5640369133030286,109.0
7,0.5451147379374555,185.0
7,0.5503861109589792,161.0
7,0.5456624130565748,40.0
7,0.5635166219398653,27.0
7,0.5550413494714935,188.0
7,0.562927871186812,232.0
7,0.5929130839585958,184.0
7,0.5461690125417602,162.0
7,0.5452790404731913,201.0
7,0.5647351990799058,38.0
7,0.5788515252752067,194.0
7,0.5473465140478668,170.0
7,0.5515088449531738,178.0
7,0.5790979790788104,196.0
7,0.5870666520619969,1.0
7,0.5652828741990252,46.0
7,0.5522618982419628,192.0
7,0.5470179089763951,177.0
7,0.5892025850265622,171.0
7,0.5915712799167534,51.0
7,0.5776192562571882,34.0
7,0.5574648118735965,233.0
7,0.5862725231392738,47.0
7,0.5486609343337532,172.0
7,0.5569308286324552,176.0
7,0.5969658798400788,50.0
7,0.5592173722547784,193.0
7,0.5711156142176461,173.0
7,0.5927624733008379,32.0
7,0.5507557916643847,175.0
7,0.5874637165233583,49.0
7,0.5671723533599868,48.0
7,0.5781669313763076,33.0
7,0.5599430417876117,174.0
7,0.5780026288405717,35.0
7,0.5693082863245522,45.0
7,0.5564789966591819,164.0
7,0.5478668054110302,182.0
7,0.5742510542746042,2.0
7,0.5475792759734925,165.0
7,0.576975737992223,43.0
7,0.5627088011391643,199.0
7,0.5564379210252478,56.0
7,0.5518648337806014,181.0
7,0.5490169231611808,166.0
7,0.5766608247987295,189.0
7,0.6014705076948353,29.0
7,0.5822060353798126,167.0
7,0.5820417328440769,198.0
7,0.551289774905526,180.0
7,0.5756887014622926,54.0
7,0.5675557259433703,102.0
7,0.5884084561038392,44.0
7,0.5632838600142396,106.0
7,0.5471822115121311,168.0
7,0.5445122953064242,191.0
7,0.5461279369078264,179.0
7,0.588641218029465,53.0
7,0.5543704474505723,169.0
7,0.5514130018073279,190.0
7,0.5693082863245523,137.0
7,0.5647488909578838,230.0
7,0.5640369133030287,123.0
7,0.5673503477737005,139.0
7,0.5712525329974258,77.0
7,0.5870529601840188,16.0
7,0.5600388849334575,215.0
7,0.5555616408346569,138.0
7,0.5667342132646913,78.0
7,0.5878470891067419,90.0
7,0.5557396352483707,203.0
7,0.5873131058656006,216.0
7,0.5547675119119337,124.0
7,0.5568212936086314,136.0
7,0.558751848403527,214.0
7,0.5622843529218468,223.0
7,0.5510980886138342,140.0
7,0.5851771729010351,76.0
7,0.5606002519305548,115.0
7,0.5534393997480694,212.0
7,0.5425269729996167,221.0
7,0.5599156580316555,143.0
7,0.5790432115668985,74.0
7,0.5655430198806068,122.0
7,0.5808779232159482,18.0
7,0.57625006845939,99.0
7,0.5609699326359603,142.0
7,0.5490443069171368,75.0
7,0.5485103236759954,213.0
7,0.5792485897365682,224.0
7,0.5527274220932143,141.0
7,0.5818226627964291,91.0
7,0.5841365901747083,112.0
7,0.5909414535297661,17.0
7,0.5884632236157512,13.0
7,0.5715537543129415,219.0
7,0.5721425050659948,131.0
7,0.5711019223396682,84.0
7,0.5488800043814009,127.0
7,0.5924475601073443,12.0
7,0.5467988389287475,130.0
7,0.564475053398324,229.0
7,0.593625061613451,85.0
7,0.5465386932471658,220.0
7,0.5550824251054274,129.0
7,0.586067144969604,86.0
7,0.5649405772495756,83.0
7,0.5599704255435676,132.0
7,0.5667342132646914,126.0
7,0.5932553809080454,80.0
7,0.5544799824743962,135.0
7,0.581096993263596,113.0
7,0.5487020099676871,217.0
7,0.5665288350950217,97.0
7,0.5587792321594829,125.0
7,0.5471000602442632,134.0
7,0.5782216988882196,14.0
7,0.5581904814064297,82.0
7,0.5873815652554905,10.0
7,0.5533161728462677,133.0
7,0.5436633988717893,218.0
7,0.593597677857495,88.0
7,0.5461827044197382,222.0
7,0.5759077715099403,73.0
7,0.5484418642861055,128.0
7,0.5566022235609835,228.0
7,0.5522482063639849,208.0
7,0.5831781587162496,150.0
7,0.587737554082918,100.0
7,0.580330248096829,68.0
7,0.5783038501560874,151.0
7,0.5734706172298593,119.0
7,0.5573278930938168,144.0
7,0.5854920860945287,67.0
7,0.5569034448764992,231.0
7,0.5651596472972233,152.0
7,0.5583000164302535,207.0
7,0.57604469028972,94.0
7,0.5814940577249577,101.0
7,0.5454844186428611,66.0
7,0.5574921956295525,153.0
7,0.5893531956843201,7.0
7,0.5665972944849116,23.0
7,0.5788241415192508,63.0
7,0.5489895394052249,118.0
7,0.5803165562188509,65.0
7,0.5494276795005203,154.0
7,0.5925844788871242,96.0
7,0.5931869215181554,110.0
7,0.5722383482118407,227.0
7,0.5526041951914125,155.0
7,0.559532285448272,205.0
7,0.5841639739306643,64.0
7,0.5495509064023222,226.0
7,0.5481954104825018,156.0
7,0.5475108165836026,157.0
7,0.5840681307848186,19.0
7,0.5426501999014185,211.0
7,0.5858754586779122,145.0
7,0.5734980009858152,121.0
7,0.5833835368859193,92.0
7,0.5687879949613889,146.0
7,0.5690481406429706,225.0
7,0.5435949394818994,210.0
7,0.5677611041130401,71.0
7,0.5602031874691933,158.0
7,0.5963497453310697,117.0
7,0.5985267539295689,3.0
7,0.5648995016156415,20.0
7,0.5564105372692918,204.0
7,0.5568760611205433,93.0
7,0.5549455063256477,21.0
7,0.5682950873541814,149.0
7,0.5853962429486829,69.0
7,0.570348869050879,62.0
7,0.5582863245522756,147.0
7,0.5537543129415631,209.0
7,0.5739361410811107,120.0
7,0.5681444766964238,148.0
7,0.5493318363546744,70.0
8,0.8103160405485987,35.0
8,0.8128205128205128,6.0
8,0.8002044467160747,191.0
8,0.8065678507538974,227.0
8,0.8039355992844365,221.0
8,0.8074793423630632,8.0
8,0.8105886361700315,38.0
8,0.8083993525853991,5.0
8,0.8047363489223954,189.0
8,0.7994207343044554,225.0
8,0.8040463412556436,188.0
8,0.8079989777664196,36.0
8,0.8030070704489309,187.0
8,0.8049493142516397,228.0
8,0.8100434449271658,7.0
8,0.7938240054519123,223.0
8,0.8007411193457704,226.0
8,0.7968992248062016,190.0
8,0.8100860379930147,10.0
8,0.7980322003577819,222.0
8,0.8117216117216117,9.0
8,0.8009200102223358,224.0
8,0.7966010733452593,203.0
8,0.8018059459919925,220.0
8,0.7983729448845728,211.0
8,0.8091063974784907,19.0
8,0.810869750404634,3.0
8,0.7955745804583014,210.0
8,0.8119175398245166,29.0
8,0.8038333759263991,209.0
8,0.806917113893858,199.0
8,0.8120112445693841,28.0
8,0.8053411704574496,232.0
8,0.8031689240991566,21.0
8,0.803109293806968,208.0
8,0.7974444160490672,200.0
8,0.810989010989011,22.0
8,0.8067552602436324,231.0
8,0.8004344492716586,201.0
8,0.8058352500212965,206.0
8,0.8102734474827498,23.0
8,0.7983985007240821,205.0
8,0.8099582587954681,24.0
8,0.8011329755515803,202.0
8,0.8115256836187068,26.0
8,0.8077519379844962,2.0
8,0.8140812675696397,25.0
8,0.7993781412386064,230.0
8,0.8133997785160577,11.0
8,0.8113467927421416,30.0
8,0.8078541613425334,212.0
8,0.7956299514439049,219.0
8,0.8042763438112276,192.0
8,0.8080926825112871,1.0
8,0.8009711219013544,233.0
8,0.8108527131782945,13.0
8,0.7922139875628248,218.0
8,0.8067382230172928,229.0
8,0.8031433682596474,193.0
8,0.8119005025981769,4.0
8,0.8096004770423375,14.0
8,0.8034244824942499,217.0
8,0.8060226595110316,194.0
8,0.8091489905443394,216.0
8,0.7989607291932874,215.0
8,0.8028622540250447,195.0
8,0.8098475168242609,16.0
8,0.8104523383593151,31.0
8,0.8061419200954085,196.0
8,0.8037907828605503,213.0
8,0.8015418689837295,197.0
8,0.8070108186387256,207.0
8,0.813612743845302,52.0
8,0.8018485390578414,136.0
8,0.811823835079649,94.0
8,0.799582587954681,164.0
8,0.79810034926314,119.0
8,0.8111934577050856,72.0
8,0.8004003748189795,163.0
8,0.7997870346707556,145.0
8,0.8119601328903654,58.0
8,0.8023383593151034,120.0
8,0.7964051452423545,162.0
8,0.8116790186557629,59.0
8,0.8035863361444757,161.0
8,0.7972527472527473,121.0
8,0.8102734474827498,84.0
8,0.7988755430615896,131.0
8,0.80988159127694,56.0
8,0.7890535820768378,118.0
8,0.8036204105971548,169.0
8,0.7981940540080075,132.0
8,0.8020615043870858,150.0
8,0.8056478405315615,83.0
8,0.8053070960047705,168.0
8,0.7991992503620411,160.0
8,0.810954936536332,95.0
8,0.812854587273192,117.0
8,0.8115767952977254,55.0
8,0.8077604565976659,73.0
8,0.7993440667859273,166.0
8,0.7905273021552092,144.0
8,0.8056222846920521,234.0
8,0.8033989266547406,165.0
8,0.8050430189965073,167.0
8,0.8025129908850839,146.0
8,0.7930658488798024,130.0
8,0.7971973762671436,125.0
8,0.803688559502513,154.0
8,0.8084078711985688,69.0
8,0.8012522361359571,153.0
8,0.8096430701081864,66.0
8,0.7966862594769571,148.0
8,0.7992077689752108,126.0
8,0.7960899565550729,128.0
8,0.8023596558480279,152.0
8,0.8013118664281456,151.0
8,0.8011074197120708,127.0
8,0.7966010733452593,149.0
8,0.7999318510946417,124.0
8,0.8062526620666155,159.0
8,0.8109038248573132,61.0
8,0.8096686259476956,71.0
8,0.794863276258625,122.0
8,0.8037652270210409,147.0
8,0.7988159127694012,155.0
8,0.8033563335888917,158.0
8,0.7982451656870262,123.0
8,0.8022318766504812,157.0
8,0.8100690007666752,63.0
8,0.8005451912428657,129.0
8,0.8074878609762332,70.0
8,0.8032370730045149,156.0
8,0.7920691711389386,143.0
8,0.7976914558309907,139.0
8,0.8014481642388619,181.0
8,0.813118664281455,43.0
8,0.7989266547406082,138.0
8,0.7960388448760541,135.0
8,0.8122242098986285,81.0
8,0.7992077689752107,180.0
8,0.8093704744867535,109.0
8,0.7997870346707556,179.0
8,0.8106738223017292,101.0
8,0.8123690263225146,74.0
8,0.8020870602265951,178.0
8,0.8093875117130932,46.0
8,0.8003577817531305,134.0
8,0.8090467671863021,102.0
8,0.8011159383252406,182.0
8,0.8011244569384105,186.0
8,0.8106653036885594,79.0
8,0.8114575347133486,104.0
8,0.7970184853905784,185.0
8,0.809200102223358,40.0
8,0.8037481897947014,184.0
8,0.8122242098986285,41.0
8,0.8040889343214924,183.0
8,0.811176420478746,42.0
8,0.7972484879461623,137.0
8,0.8129823664707385,100.0
8,0.8029133657040635,171.0
8,0.8078541613425333,173.0
8,0.8108782690178039,75.0
8,0.8029985518357612,142.0
8,0.7956299514439049,174.0
8,0.7965244058267313,133.0
8,0.7928273277110487,141.0
8,0.8118749467586677,48.0
8,0.7925036204105971,172.0
8,0.81140642303433,51.0
8,0.8119942073430445,97.0
8,0.8116364255899141,115.0
8,0.7999403697078115,140.0
8,0.8116279069767443,47.0
8,0.8068915580543486,176.0
8,0.8090382485731322,170.0
8,0.7975466394071045,177.0
macro-averaged,0.7237091717177115,83.0
macro-averaged,0.7026782845298195,218.0
macro-averaged,0.7096302597970549,79.0
macro-averaged,0.6968838500879629,132.0
macro-averaged,0.7314919460892304,86.0
macro-averaged,0.7088232895485017,130.0
macro-averaged,0.7148530645542402,82.0
macro-averaged,0.7161422028407881,131.0
macro-averaged,0.7091044698805923,128.0
macro-averaged,0.7332091557171204,85.0
macro-averaged,0.6974770247949581,135.0
macro-averaged,0.7261977241998573,14.0
macro-averaged,0.7205332016683368,12.0
macro-averaged,0.7021319664523087,220.0
macro-averaged,0.7021521051016765,129.0
macro-averaged,0.7059722527628904,219.0
macro-averaged,0.715148983111863,133.0
macro-averaged,0.7081539778564104,134.0
macro-averaged,0.71463079586,217.0
macro-averaged,0.7285315854504822,84.0
macro-averaged,0.7342472168614409,11.0
macro-averaged,0.7182919581202344,13.0
macro-averaged,0.7049911539897035,186.0
macro-averaged,0.7059195317696151,221.0
macro-averaged,0.7136745192368258,228.0
macro-averaged,0.7201110638248881,115.0
macro-averaged,0.7339064298063503,114.0
macro-averaged,0.7332323835951937,97.0
macro-averaged,0.7264290463024086,113.0
macro-averaged,0.7242999230986605,229.0
macro-averaged,0.7245118659036793,4.0
macro-averaged,0.7141984603763828,98.0
macro-averaged,0.7208515118635576,112.0
macro-averaged,0.7196389469149026,230.0
macro-averaged,0.7306232808627694,99.0
macro-averaged,0.7241482655966613,3.0
macro-averaged,0.729868977956162,96.0
macro-averaged,0.7269454906699355,100.0
macro-averaged,0.7165493628333162,231.0
macro-averaged,0.7167427632637253,2.0
macro-averaged,0.7304908775034201,109.0
macro-averaged,0.7275201914232312,101.0
macro-averaged,0.723086337825064,232.0
macro-averaged,0.7280811476258418,102.0
macro-averaged,0.7303958810541086,1.0
macro-averaged,0.7092091071552373,233.0
macro-averaged,0.7319707140188884,103.0
macro-averaged,0.7271581678712414,106.0
macro-averaged,0.7306525473013142,105.0
macro-averaged,0.7240670509439822,110.0
macro-averaged,0.7265094122990394,5.0
macro-averaged,0.725472213108319,116.0
macro-averaged,0.7316657337960616,95.0
macro-averaged,0.7278222037673066,87.0
macro-averaged,0.7321683344167847,10.0
macro-averaged,0.7014299315085986,126.0
macro-averaged,0.7064901766984637,222.0
macro-averaged,0.7189982365265308,88.0
macro-averaged,0.7003025023492114,125.0
macro-averaged,0.7106972956176353,124.0
macro-averaged,0.714052718612819,223.0
macro-averaged,0.7225879650891524,9.0
macro-averaged,0.7003381000343218,123.0
macro-averaged,0.724318005359648,90.0
macro-averaged,0.7105167065995929,122.0
macro-averaged,0.7150702736380626,224.0
macro-averaged,0.7314048569030935,91.0
macro-averaged,0.7187180049562453,8.0
macro-averaged,0.7152048176730412,121.0
macro-averaged,0.7071435540027587,216.0
macro-averaged,0.7158716263315743,225.0
macro-averaged,0.7296223425105374,7.0
macro-averaged,0.7346946218053939,93.0
macro-averaged,0.7095194079683054,119.0
macro-averaged,0.7168464042773373,226.0
macro-averaged,0.6967718980706338,118.0
macro-averaged,0.7283724339412154,6.0
macro-averaged,0.7169146825188165,94.0
macro-averaged,0.7288960539616409,117.0
macro-averaged,0.7231100229529864,227.0
macro-averaged,0.7183414223300765,127.0
macro-averaged,0.716358755828841,120.0
macro-averaged,0.7326458879654456,71.0
macro-averaged,0.7344433203984376,15.0
macro-averaged,0.7145407418348754,169.0
macro-averaged,0.7341618890188769,30.0
macro-averaged,0.7358503180948467,104.0
macro-averaged,0.7149155323476768,196.0
macro-averaged,0.7220171986024307,170.0
macro-averaged,0.7198893786713068,197.0
macro-averaged,0.7331177001449668,51.0
macro-averaged,0.7116027380057041,171.0
macro-averaged,0.7301936052731611,50.0
macro-averaged,0.7152343391272984,195.0
macro-averaged,0.7083153773301463,172.0
macro-averaged,0.7173114445668733,173.0
macro-averaged,0.7312363506148246,32.0
macro-averaged,0.7339462102290487,31.0
macro-averaged,0.7313356563898309,49.0
macro-averaged,0.7327902778481389,53.0
macro-averaged,0.7221880374404099,167.0
macro-averaged,0.7211348369582353,27.0
macro-averaged,0.706819956932059,163.0
macro-averaged,0.7180109323607835,200.0
macro-averaged,0.7172249374750008,164.0
macro-averaged,0.7187825402183032,56.0
macro-averaged,0.7194987899570389,168.0
macro-averaged,0.711372788950275,165.0
macro-averaged,0.7112466435720771,166.0
macro-averaged,0.7331228701679333,29.0
macro-averaged,0.7140918981593444,198.0
macro-averaged,0.726081647542541,199.0
macro-averaged,0.7210523449799313,58.0
macro-averaged,0.7187550559366797,194.0
macro-averaged,0.7148878595815695,48.0
macro-averaged,0.7167756644802001,181.0
macro-averaged,0.732817424167303,42.0
macro-averaged,0.7276187737949018,36.0
macro-averaged,0.713163095749049,189.0
macro-averaged,0.7121325091527843,182.0
macro-averaged,0.7200185674622996,183.0
macro-averaged,0.7315658152531107,43.0
macro-averaged,0.7285033571761204,41.0
macro-averaged,0.7095662708041166,188.0
macro-averaged,0.7157829616523687,184.0
macro-averaged,0.7230488301835326,40.0
macro-averaged,0.7201773811614599,185.0
macro-averaged,0.7343193941021751,39.0
macro-averaged,0.7165357679738443,187.0
macro-averaged,0.7222722459423959,37.0
macro-averaged,0.7037365842753955,174.0
macro-averaged,0.7044389890487651,190.0
macro-averaged,0.7124021323892075,35.0
macro-averaged,0.7228705821260911,33.0
macro-averaged,0.7200813228638341,193.0
macro-averaged,0.7158664066765594,175.0
macro-averaged,0.7229978326250307,47.0
macro-averaged,0.7076284456934533,176.0
macro-averaged,0.7183037375624232,46.0
macro-averaged,0.7091889694542062,180.0
macro-averaged,0.7165766459604844,192.0
macro-averaged,0.7341700607589611,34.0
macro-averaged,0.7078454198604592,178.0
macro-averaged,0.7266693566600371,45.0
macro-averaged,0.7107376660819773,191.0
macro-averaged,0.7104638829023314,179.0
macro-averaged,0.7336629229676593,44.0
macro-averaged,0.714079644802468,177.0
macro-averaged,0.6908542116374049,162.0
macro-averaged,0.7227379495113629,201.0
macro-averaged,0.706074341243984,161.0
macro-averaged,0.7243592740134979,73.0
macro-averaged,0.7236207714481182,18.0
macro-averaged,0.706127179413139,144.0
macro-averaged,0.7119136685125473,211.0
macro-averaged,0.7235823301027661,72.0
macro-averaged,0.715813400007263,145.0
macro-averaged,0.7077303722840158,143.0
macro-averaged,0.7313748968568757,19.0
macro-averaged,0.7129319504637631,210.0
macro-averaged,0.7221975557178073,146.0
macro-averaged,0.7242430038875413,147.0
macro-averaged,0.7212602837182194,70.0
macro-averaged,0.725198953846281,20.0
macro-averaged,0.7040491075976684,209.0
macro-averaged,0.7289146437675841,38.0
macro-averaged,0.7085415034792916,148.0
macro-averaged,0.7275773943515654,212.0
macro-averaged,0.709468332705427,142.0
macro-averaged,0.717535330553151,137.0
macro-averaged,0.726420639063937,78.0
macro-averaged,0.713143539213181,215.0
macro-averaged,0.7139612650350077,138.0
macro-averaged,0.7218824423152174,77.0
macro-averaged,0.7159884202868368,16.0
macro-averaged,0.7298911469923802,74.0
macro-averaged,0.7254826962129782,214.0
macro-averaged,0.719639042592424,76.0
macro-averaged,0.718018627890685,140.0
macro-averaged,0.7302848255998525,75.0
macro-averaged,0.727411544563955,17.0
macro-averaged,0.7081439982629755,213.0
macro-averaged,0.7085705968835646,141.0
macro-averaged,0.712469970752628,139.0
macro-averaged,0.7203572059338194,69.0
macro-averaged,0.7102955706233102,149.0
macro-averaged,0.7230374321804962,21.0
macro-averaged,0.7067954144865262,156.0
macro-averaged,0.7125908286923929,204.0
macro-averaged,0.7017314667418554,157.0
macro-averaged,0.7259204588355536,62.0
macro-averaged,0.7321961998065848,25.0
macro-averaged,0.7062000574140246,203.0
macro-averaged,0.7252116522981554,24.0
macro-averaged,0.7135664554098767,158.0
macro-averaged,0.7121009104278532,159.0
macro-averaged,0.7245828633755667,60.0
macro-averaged,0.7145120784596334,202.0
macro-averaged,0.7117540770467788,160.0
macro-averaged,0.7308838010224269,59.0
macro-averaged,0.7204006522205525,26.0
macro-averaged,0.7191229875355399,61.0
macro-averaged,0.73083432946753,63.0
macro-averaged,0.7120447301090864,155.0
macro-averaged,0.7096072160192197,205.0
macro-averaged,0.7105201999355134,208.0
macro-averaged,0.7257600784262895,68.0
macro-averaged,0.7161453723300756,150.0
macro-averaged,0.7255769502317542,67.0
macro-averaged,0.7083704650974149,151.0
macro-averaged,0.717252880495223,207.0
macro-averaged,0.7193059951598774,152.0
macro-averaged,0.7130262089536389,22.0
macro-averaged,0.723903364391373,66.0
macro-averaged,0.7165207466314867,206.0
macro-averaged,0.7064836916975189,153.0
macro-averaged,0.7333920508025944,65.0
macro-averaged,0.724205790680583,23.0
macro-averaged,0.7071838507691532,154.0
macro-averaged,0.7291041842030717,64.0
macro-averaged,0.7119692726633062,136.0
macro-averaged,0.7200261721344132,234.0
1,0.9056715668450124,95.0
1,0.905879348258965,169.0
1,0.872578047893616,151.0
1,0.9095804546949943,138.0
1,0.9058317316849342,133.0
1,0.9078143126763978,111.0
1,0.9019011999376656,104.0
1,0.9103553062178588,97.0
1,0.8997281526500789,75.0
1,0.9030353401554898,61.0
1,0.8958149360206397,175.0
1,0.9094116322961578,220.0
1,0.8989446435682995,208.0
1,0.9040742472252524,199.0
1,0.9099397433899538,225.0
1,0.8942176164008797,187.0
1,0.908459300815542,227.0
1,0.9030180250376604,230.0
3,0.7493266838954891,227.0
3,0.7608925901940966,86.0
3,0.7580298619475027,231.0
3,0.7300441211182191,63.0
3,0.7505189829749375,72.0
3,0.7597305525126038,59.0
3,0.7562504917477167,151.0
3,0.7629382606958911,155.0
3,0.7362295508603316,165.0
3,0.7389712335151035,179.0
3,0.7554576431212816,138.0
3,0.7544469124295666,133.0
3,0.75659547168441,103.0
3,0.7539748346214602,209.0
3,0.75031320546884,106.0
3,0.751553922785017,212.0
3,0.7625236795439001,111.0
3,0.7637795275590552,112.0
3,0.7489514425608405,116.0
3,0.7375126341336463,117.0
3,0.7539990437398246,115.0
3,0.7599908005350215,1.0
3,0.6976704775853825,27.0
3,0.7526614899501897,21.0
3,0.7343957101442259,45.0
3,0.7588711288106665,37.0
3,0.762817215104069,39.0
3,0.7619820005204961,25.0
4,0.6371085816842205,163.0
4,0.6825319982997212,164.0
4,0.6249704812733199,168.0
4,0.6654465592972182,106.0
4,0.6655292117319228,159.0
4,0.6660133188494781,132.0
4,0.6866528125442782,136.0
4,0.6804302649600906,138.0
4,0.6545836678789024,142.0
4,0.6682331270958296,148.0
4,0.6835592499881926,87.0
4,0.670311245454116,155.0
4,0.6703230529447882,156.0
4,0.6749279743069002,158.0
4,0.6863694327681481,178.0
4,0.6898054125537241,202.0
4,0.6935956170594626,9.0
4,0.6897109526283474,209.0
4,0.6661136825201908,61.0
4,0.6824257308836725,210.0
4,0.6936900769848392,211.0
4,0.6752703915363907,216.0
4,0.6378170311245454,218.0
4,0.6931705473952674,222.0
4,0.6760614934114201,223.0
4,0.650380201199641,224.0
4,0.661975157039626,225.0
4,0.669307608746989,228.0
4,0.6756482312378973,231.0
4,0.673865300146413,43.0
4,0.7053853964955367,195.0
4,0.6741368724318707,68.0
4,0.6558942993435035,183.0
4,0.6969371369196617,199.0
4,0.6669224956312284,72.0
5,0.6828617282826442,114.0
5,0.6762600163904572,3.0
5,0.6622370697505008,112.0
5,0.6709103533054089,12.0
5,0.6545824986341285,228.0
5,0.6650371061737388,111.0
5,0.6851894008377346,2.0
5,0.6547816882170825,231.0
5,0.6678997450373338,110.0
5,0.6785876889455471,1.0
5,0.6792080222181752,106.0
5,0.657080905117465,229.0
5,0.6729250136587143,107.0
5,0.6649915771262066,105.0
5,0.6409124021125479,201.0
5,0.6726176925878711,116.0
5,0.6585378346384995,206.0
5,0.6425400655618284,207.0
5,0.6536889910763067,199.0
5,0.6579801038062283,164.0
5,0.6783657348388271,19.0
5,0.6562215443452921,198.0
5,0.653671917683482,212.0
5,0.6523487297395738,140.0
5,0.6643086414132217,139.0
5,0.6668127390274996,189.0
5,0.6728054999089419,5.0
5,0.6736364050264068,13.0
5,0.6584866144600255,127.0
5,0.6325692041522492,223.0
5,0.6704835184847934,24.0
5,0.6765673374613003,117.0
5,0.6490734838827171,226.0
5,0.6620037333818978,181.0
5,0.676174649426334,49.0
5,0.6595167091604444,61.0
5,0.6713144236022582,38.0
5,0.68365848661446,67.0
5,0.671069704971772,91.0
5,0.6688501639045711,32.0
5,0.6693794390821344,78.0
5,0.6829357129848845,84.0
5,0.6750933345474412,66.0
5,0.6857471316700054,94.0
5,0.6746835731196503,82.0
5,0.6771819796029867,104.0
5,0.6823722910216719,92.0
5,0.6809551994172282,93.0
5,0.6444238299034786,81.0
5,0.6629939901657257,85.0
5,0.6687818703332726,36.0
5,0.6627891094518301,54.0
5,0.6618899107630668,51.0
5,0.6606776998725187,71.0
5,0.647440129302495,87.0
5,0.6852747678018576,52.0
5,0.6586288927335641,46.0
5,0.6570353760699328,53.0
5,0.6763567656164633,50.0
5,0.678416955017301,86.0
5,0.666522491349481,35.0
6,0.6269540917340373,161.0
6,0.6610140653357532,17.0
6,0.6188129021613594,148.0
6,0.6616173073750206,62.0
6,0.6388642550734203,87.0
6,0.6386167711598746,152.0
6,0.6549558653687511,201.0
6,0.6398490348127371,154.0
6,0.6121566160699555,204.0
6,0.6510167464114833,139.0
6,0.6489389127206731,164.0
6,0.6517643540669856,187.0
6,0.6132702936809107,186.0
6,0.657389457185283,185.0
6,0.6591373123246989,72.0
6,0.6277481026233295,192.0
6,0.6514137518561294,194.0
6,0.6249071935324204,182.0
6,0.6486037782544134,181.0
6,0.6561314139580927,179.0
6,0.6421124814387066,178.0
6,0.6527233542319749,75.0
6,0.65596126876753,177.0
6,0.6499597838640488,165.0
6,0.6217981768685036,166.0
6,0.65311004784689,147.0
6,0.6472065253258539,81.0
6,0.6343167381620195,171.0
6,0.6609418825276356,78.0
6,0.6546465104768191,173.0
6,0.6603541082329649,175.0
6,0.6438758043227191,196.0
6,0.6697584969476984,66.0
6,0.636910163339383,146.0
6,0.6580700379475335,189.0
6,0.6205195099818511,145.0
6,0.6308210278831875,119.0
6,0.63944171753836,93.0
6,0.651086351262168,213.0
6,0.669397582907111,50.0
6,0.644329524830886,115.0
6,0.6452936809107407,216.0
6,0.6588949843260188,233.0
6,0.6134713743606666,218.0
6,0.6401893251938624,220.0
6,0.6425455782874113,56.0
6,0.6400449595776274,221.0
6,0.6011126464279822,222.0
6,0.6115327503712259,223.0
6,0.6518984078534895,224.0
6,0.6696038195017324,97.0
6,0.6422259115657483,228.0
6,0.6607304900181488,53.0
6,0.6380444646098002,120.0
6,0.6438706484078536,108.0
6,0.6492327998680086,123.0
6,0.6290886404883682,144.0
6,0.6359305395149316,143.0
6,0.6009631248968818,141.0
6,0.6481242781719189,140.0
6,0.6580133228840125,89.0
6,0.6565026398284112,138.0
6,0.6483562943408678,232.0
6,0.6565954462959908,208.0
6,0.6315170763900346,137.0
6,0.6531564510806797,136.0
6,0.640426497277677,105.0
6,0.6364615987460814,133.0
6,0.6608439201451906,7.0
6,0.6405657069790464,132.0
6,0.6427208793928394,210.0
6,0.648709474509157,129.0
6,0.633759899356542,128.0
6,0.6547650965187263,127.0
6,0.6388075400098994,126.0
6,0.6409627124236924,125.0
6,0.6386013034152781,124.0
6,0.6541257630754002,211.0
6,0.6354355716878403,134.0
7,0.6065585497205105,55.0
7,0.5907599865109292,72.0
7,0.6121619642267118,114.0
7,0.5660879310286098,111.0
7,0.5897278682158661,81.0
7,0.5991259354636527,41.0
7,0.569460198725351,36.0
8,0.7566129470964232,113.0
8,0.7898158064735482,49.0
8,0.7898561811505509,214.0
8,0.7764135386916904,112.0
8,0.7899709302325582,107.0
8,0.7904575513395894,111.0
8,0.7804255065959472,99.0
8,0.7902408030735755,110.0
8,0.7890083129334964,53.0
8,0.7808823779409764,45.0
8,0.7698452162382701,54.0
8,0.7887915646674828,93.0
8,0.791530667754658,17.0
8,0.7889403134774922,82.0
8,0.793672650618795,15.0
8,0.7903704270365837,37.0
8,0.7837404800761593,78.0
8,0.7845245988032096,198.0
8,0.7894906840745273,77.0
8,0.78109487624099,204.0
8,0.7840783523731809,85.0
8,0.7907869237046103,60.0
8,0.787423075615395,33.0
8,0.7869194546443629,90.0
8,0.7916772915816673,34.0
8,0.7866857065143479,87.0
8,0.7789443934448526,80.0
macro-averaged,0.7226203870500613,52.0
macro-averaged,0.7186489429547553,54.0
macro-averaged,0.7174717459677683,81.0
macro-averaged,0.723502514261597,111.0
1,0.9045826246552702,21.0
1,0.8973420969183314,183.0
1,0.901378919350034,134.0
1,0.9006111447432904,117.0
1,0.9030662938299365,102.0
1,0.9045883901717163,78.0
1,0.8940374950752881,214.0
3,0.765100275318144,104.0
3,0.7678534567573582,107.0
3,0.7678749031561056,108.0
3,0.7680424531463207,102.0
3,0.7693037694726598,220.0
3,0.7722392453012281,9.0
3,0.7639502121853077,122.0
3,0.7726708540760221,46.0
3,0.7659447272688279,44.0
3,0.7682582575337177,114.0
3,0.767882945555636,60.0
3,0.7733678620353168,80.0
3,0.7680679207448333,74.0
3,0.7667302016229562,81.0
3,0.7732338220431448,89.0
3,0.7605348731847634,229.0
3,0.773381266034534,93.0
3,0.7516238945051646,153.0
3,0.7688265871005273,167.0
3,0.770003458231798,169.0
3,0.7717379357305045,11.0
3,0.76980239824354,170.0
3,0.7634757106130184,18.0
3,0.769590615055908,164.0
3,0.7584947845039045,180.0
3,0.7633604362197505,161.0
3,0.768502210319471,157.0
3,0.7507740809547937,158.0
3,0.7654219712993569,160.0
3,0.7635614962080086,172.0
4,0.6222036981697887,185.0
4,0.6216060353459891,151.0
4,0.6313835894370959,191.0
4,0.6270374273236764,201.0
4,0.6313835894370959,208.0
4,0.6342618077727622,81.0
4,0.6178680213690673,170.0
4,0.6115139218739352,182.0
4,0.6325369738339022,152.0
4,0.6126043943945517,133.0
4,0.6144498094294417,131.0
4,0.6186124785706422,124.0
4,0.6267018973173327,154.0
4,0.6235196049134176,219.0
4,0.6199179000015729,165.0
4,0.6309484489601191,104.0
4,0.6189951924841278,169.0
4,0.616358136340521,173.0
4,0.6301725358204495,175.0
4,0.6216532192531311,215.0
4,0.6289090556403119,49.0
4,0.6317872739759781,26.0
4,0.6287989598569803,58.0
4,0.6348594705965618,38.0
4,0.6288985703276135,34.0
4,0.6352054859156038,31.0
4,0.6247988130626025,7.0
5,0.6672863809607669,97.0
5,0.6509830312330973,232.0
5,0.6527100969823519,185.0
5,0.6563780676486496,99.0
5,0.6683606083095386,57.0
5,0.6647001849079862,28.0
5,0.6593013748600611,89.0
5,0.6593365954288732,44.0
5,0.6648762877520472,11.0
5,0.6707430282141913,62.0
5,0.6490572208455452,158.0
5,0.6506899457854816,217.0
5,0.6631831846941472,69.0
5,0.6659303890614976,39.0
6,0.6589958063216497,52.0
6,0.6150926638098377,130.0
6,0.6438395048163206,157.0
6,0.6207353587517854,158.0
6,0.6339516261949237,121.0
6,0.6239859172984654,111.0
6,0.6568783650148334,170.0
6,0.6257828810020876,202.0
6,0.6436449291286672,107.0
6,0.6469023550525583,229.0
6,0.6590072519503352,73.0
6,0.6587531589935172,80.0
6,0.6179334688495769,217.0
6,0.6648353660769879,63.0
6,0.6596436289052485,10.0
6,0.6363082811412665,212.0
6,0.6559134985166465,19.0
6,0.6192336922682489,206.0
6,0.6567490294106876,54.0
6,0.6182321997582683,200.0
6,0.6316659341464307,199.0
6,0.63450673918617,207.0
7,0.5924982627873954,15.0
7,0.5996178132269857,4.0
7,0.5955179914801051,8.0
7,0.5850871627541617,6.0
7,0.5915057856732832,25.0
7,0.5884029728994833,61.0
7,0.5934182301580109,59.0
7,0.5867186319828394,104.0
7,0.5981630864980814,57.0
7,0.5907172422127557,108.0
8,0.7801580565457666,108.0
8,0.7847639525453138,62.0
8,0.7867924706237387,65.0
8,0.7836879231973443,89.0
8,0.7848021464003471,88.0
8,0.7783747335860729,96.0
8,0.7783407834927101,98.0
8,0.7796242856334522,18.0
8,0.7856796620079594,114.0
8,0.7797798902280314,116.0
8,0.7755927120466248,175.0
macro-averaged,0.7161196957711379,107.0
macro-averaged,0.7122974579178344,108.0
macro-averaged,0.7184340608065387,89.0
1,0.8807611914394531,189.0
1,0.897428019804862,28.0
1,0.8954606851067913,116.0
1,0.8969192077624022,57.0
1,0.8872453110059709,202.0
3,0.7526333220428286,57.0
3,0.7680358285348688,43.0
3,0.7644710398554815,42.0
3,0.7721260020322909,38.0
3,0.7714892175680252,96.0
3,0.7666523653607317,47.0
3,0.7684934703247901,51.0
3,0.7650393285913214,85.0
3,0.7678642128636484,210.0
3,0.7543442098528471,202.0
3,0.7660005268902186,187.0
3,0.7558556320800874,221.0
3,0.7637454367543561,109.0
4,0.6470565695151859,74.0
4,0.6396139879268062,214.0
4,0.6435637143935107,103.0
4,0.6419071873231466,197.0
4,0.654761483682324,97.0
4,0.6353400301829845,15.0
4,0.6569515185813997,39.0
4,0.6414621062063761,25.0
4,0.6512568383323901,23.0
4,0.6477050320694208,229.0
4,0.648851631767591,10.0
6,0.642395859072564,37.0
8,0.7759464792631274,86.0
macro-averaged,0.7153507459362499,28.0
macro-averaged,0.7129515451259495,57.0
1,0.9005578758250592,32.0
1,0.8980621881252145,27.0
1,0.8991025176111442,79.0
1,0.9014541172642299,92.0
1,0.8995316793772087,45.0
1,0.8981059660724356,167.0
1,0.8978298547675219,209.0
1,0.8989287846552435,89.0
3,0.7616967205060375,105.0
3,0.7622747407097702,184.0
3,0.7644037817935196,175.0
3,0.7667495804536688,6.0
4,0.6365497620250472,67.0
4,0.641026274106122,36.0
4,0.6449292152714206,27.0
4,0.6451856128662212,63.0
4,0.6416150389534419,85.0
5,0.6725449365702505,80.0
6,0.6416979065298887,74.0
6,0.6482971039035923,28.0
6,0.6443182550395448,64.0
6,0.6442934724243841,59.0
7,0.59318660391218,116.0
7,0.5909706994586065,107.0
7,0.5939440106646353,87.0
8,0.777914360906444,50.0
8,0.7775755449247912,44.0
8,0.7779732928090172,76.0
1,0.8981146268542296,201.0
1,0.9014076813982905,48.0
1,0.9010100042163363,30.0
3,0.7705573449471387,91.0
3,0.7725764296109232,32.0
3,0.7691923393827849,53.0
3,0.7702012129221419,64.0
3,0.7619075166930617,226.0
3,0.7617536944099644,156.0
3,0.7693936459358814,15.0
3,0.765201654325215,208.0
4,0.6394902947803972,107.0
4,0.6456942559331637,88.0
4,0.6457996758338055,1.0
4,0.6461106645406987,57.0
5,0.6601829425567921,108.0
6,0.6437024977847143,51.0
6,0.6445733837035436,61.0
6,0.6433648894196125,70.0
7,0.5978446054884231,31.0
7,0.5991314504686511,79.0
7,0.5973688147200107,30.0
8,0.7808177117000646,64.0
8,0.7771739745870273,57.0
8,0.7802050354111324,32.0
8,0.7824184081268667,106.0
8,0.7777125729573131,105.0
8,0.7782011569366658,91.0
8,0.7826451243046347,103.0
8,0.7768057082462407,27.0
8,0.7822754424622179,12.0
macro-averaged,0.7154525006201438,80.0
3,0.7612059417951608,214.0
3,0.768989752392459,66.0
3,0.7731288232072826,69.0
3,0.771281159676536,87.0
3,0.7731072131075079,94.0
3,0.7719702271761738,97.0
3,0.7715517770623526,146.0
3,0.7751186713717748,30.0
3,0.7714884201789217,29.0
3,0.7724918164025568,12.0
3,0.7766026467460838,10.0
3,0.7716357617682955,28.0
4,0.6503459163300367,105.0
6,0.6413626084314983,36.0
7,0.5990930520496353,206.0
8,0.7818492606936985,92.0
8,0.7810655287603532,68.0
1,0.8997931682554445,14.0
3,0.7564668550298805,76.0
6,0.6429650010010786,60.0
6,0.6518897780188979,99.0
6,0.6513078607273644,29.0
3,0.7654268649682984,4.0
3,0.7655265274842444,84.0
3,0.764327156042345,52.0
3,0.7649889448982312,19.0
3,0.7651647674263627,17.0
3,0.7655437824870052,7.0
3,0.7665255326440852,14.0
4,0.6467925892156743,91.0
4,0.6461691957373381,78.0
4,0.6488346795698849,73.0
4,0.6391437712577177,14.0
4,0.6516600454945227,54.0
6,0.644465141005312,109.0
7,0.6008745185367651,195.0
3,0.7628703423613666,34.0
3,0.7655288740359105,75.0
3,0.7648530720810461,73.0
4,0.6582426603814436,75.0
3,0.7668916539219655,78.0
3,0.7674496947440096,92.0
7,0.6011787236004484,95.0
7,0.598450971418033,42.0
8,0.776952227578609,39.0
1,0.8948731605318183,52.0
5,0.6676910068916824,60.0
3,0.7622297366307035,79.0
4,0.6634614988520231,47.0
4,0.6519406565580077,102.0
4,0.6617796974671812,66.0
7,0.6009015729692035,9.0
7,0.5993893855254188,89.0
5,0.6687319160810669,42.0
3,0.7674754377046857,31.0
3,0.7645938783843468,20.0
5,0.6718066808088272,65.0
4,0.6546234895372827,71.0
4,0.6543131891872386,11.0
6,0.6387237694135556,71.0
4,0.6588102970140504,95.0
4,0.6621095062281389,40.0
4,0.6634708637370235,70.0
7,0.6044166738581644,11.0
7,0.6012753440096402,52.0
8,0.775579930009245,67.0
5,0.6712163767807752,55.0
3,0.7637545524440061,33.0
3,0.7660318340196389,40.0
7,0.5998757643574948,234.0
4,0.661483973877748,19.0
4,0.6603639414476483,80.0
7,0.6000745937928079,197.0
3,0.7644997546753034,65.0
7,0.6004578519266541,98.0
3,0.7639213584481259,71.0
1,0.8941697172160037,71.0
4,0.6591092814557894,113.0
1,0.894431430506284,50.0
